OFFER,RETAILER_mapped,BRAND,PRODUCT_CATEGORY
Spend $50 on a Full-Priced new Club Membership,SAMS CLUB,,
"Beyond Meat® Plant-Based products, spend $25",,Plant-Based Meat,
"Beyond Meat® Plant-Based products, spend $25",,Packaged Meat,
"Beyond Meat® Plant-Based products, spend $25",,Frozen Plant-Based Meat,
Good Humor Viennetta Frozen Vanilla Cake,,Dips & Salsa,
Good Humor Viennetta Frozen Vanilla Cake,,Frozen Desserts,
"Butterball, select varieties, spend $10 at Dillons Food Store",DILLONS FOOD STORE,Frozen Turkey,
"Butterball, select varieties, spend $10 at Dillons Food Store",DILLONS FOOD STORE,Nut Butters & Jam,
"GATORADE® Fast Twitch®, 12-ounce 12 pack, at Amazon Storefront*",AMAZON,Medicines & Treatments,
"GATORADE® Fast Twitch®, 12-ounce 12 pack, at Amazon Storefront*",AMAZON,Meal Replacement Beverages,
"GATORADE® Fast Twitch®, 12-ounce 12 pack, at Amazon Storefront*",AMAZON,Sports Drinks,
Emmy's Organics® Cookies OR Brownie Snaps,,Cookies,
"Dr Pepper®, Regular OR Zero Sugar Strawberries and Cream 12 pack, at select retailers",UNITED SUPERMARKETS,Carbonated Soft Drinks,
"Dr Pepper®, Regular OR Zero Sugar Strawberries and Cream 12 pack, at select retailers",UNITED SUPERMARKETS,Cooking & Baking,
"Arnold, Brownberry, Oroweat® Small Slice bread, at Walmart",WALMART,Bread,
"Arnold, Brownberry, Oroweat® Small Slice bread, at Walmart",WALMART,Prepared Meals,
"Arnold, Brownberry, Oroweat® Small Slice bread, at Walmart",WALMART,Bakery,
Barilla® Pesto Sauce,,Pesto Sauce,
Barilla® Pesto Sauce,,Chips,
Barilla® Pesto Sauce,,Red Pasta Sauce,
Barilla® Pesto Sauce,,Dry Pasta,
"Any General Mills™ products, buy 2",,,
"Good Rewards Members Only""",,Packaged Vegetables,
"Good Rewards Members Only""",,Refrigerated Doughs,
"Good Rewards Members Only""",,Frozen Pizza & Pizza Snacks,
"Good Rewards Members Only""",,Bread,
"Good Rewards Members Only""",,Frozen Breakfast,
"Good Rewards Members Only""",,Chips,
"Good Rewards Members Only""",,Cookies,
"Good Rewards Members Only""",,"Cereal, Granola, & Toaster Pastries",
"Good Rewards Members Only""",,Soup & Broth,
"Good Rewards Members Only""",,Dressings,
"Good Rewards Members Only""",,Fruit & Vegetable Snacks,
"Good Rewards Members Only""",,Crackers,
"Good Rewards Members Only""",,Frozen Meals,
"Good Rewards Members Only""",,Cheese,
"Good Rewards Members Only""",,Cooking & Baking,
Egglife Egg White Wraps at Aldi,ALDI,Eggs,
Spend $20 at Zaxby's,ZAXBYS,,
Spend $10 at Subway,SUBWAY,Cooking & Baking,
"DOVE® Chocolate, select sizes, buy 1",,Candy,Gum
Hellmann's® OR Best Foods® Garlic Aioli OR Spicy Mayonnaise,,Sauces & Marinades,
Hellmann's® OR Best Foods® Garlic Aioli OR Spicy Mayonnaise,,Dressings,
Hellmann's® OR Best Foods® Garlic Aioli OR Spicy Mayonnaise,,Condiments,
"M&M'S®, select sizes, buy 1",,Candy,Gum
"GATORLYTE® OR GATORADE™ Fit Single Serve Bottle, select varieties, buy 2",,Medicines & Treatments,
"GATORLYTE® OR GATORADE™ Fit Single Serve Bottle, select varieties, buy 2",,Meal Replacement Beverages,
"GATORLYTE® OR GATORADE™ Fit Single Serve Bottle, select varieties, buy 2",,Sports Drinks,
"Beyond Steak™ Plant-Based seared tips, 10 ounce at Target",TARGET,Plant-Based Meat,
"Beyond Steak™ Plant-Based seared tips, 10 ounce at Target",TARGET,Packaged Meat,
"Beyond Steak™ Plant-Based seared tips, 10 ounce at Target",TARGET,Frozen Plant-Based Meat,
Red Gold Tomato Ketchup,,Sauces & Marinades,
Red Gold Tomato Ketchup,,Condiments,
Red Gold Tomato Ketchup,,Drink Mixes,
Red Gold Tomato Ketchup,,Cooking & Baking,
Red Gold Tomato Ketchup,,Dips & Salsa,
Gillette Venus ® for Pubic Hair & Skin spend $20,,Hair Removal,
Spend $140 at Shaws,SHAWS,Cooking & Baking,
"L'Oréal Paris Hair color, select varieties, spend $19 at Target",TARGET,Hair Care,
Simply Spiked™ Lemonade 12 pack+,,Malt Beverages,
Simply Spiked™ Lemonade 12 pack+,,"Hard Seltzers, Sodas, Waters, Lemonades & Teas",
"Gorton's, at select retailers",STOP & SHOP,Jerky & Dried Meat,
"Gorton's, at select retailers",SHOP RITE,Jerky & Dried Meat,
"Gorton's, at select retailers",STOP & SHOP,Frozen Seafood,
"Gorton's, at select retailers",SHOP RITE,Frozen Seafood,
"Gorton's, at select retailers",STOP & SHOP,Frozen Meals,
"Gorton's, at select retailers",SHOP RITE,Frozen Meals,
Shop 2 times at ACME,ACME,Medicines & Treatments,
"Butterball, select varieties, spend $10 at Ralphs",RALPHS,Frozen Turkey,
"Butterball, select varieties, spend $10 at Ralphs",RALPHS,Nut Butters & Jam,
"Beyond Steak™ Plant-Based seared tips, 10 ounce, buy 2 at H-E-B",H-E-B,Plant-Based Meat,
"Beyond Steak™ Plant-Based seared tips, 10 ounce, buy 2 at H-E-B",H-E-B,Packaged Meat,
"Beyond Steak™ Plant-Based seared tips, 10 ounce, buy 2 at H-E-B",H-E-B,Frozen Plant-Based Meat,
"Butterball, select varieties, Spend $10 at Ruler Foods",RULER FOODS,Frozen Turkey,
"Butterball, select varieties, Spend $10 at Ruler Foods",RULER FOODS,Nut Butters & Jam,
Spend $20 at KFC,KFC,,
Spend $15 at Nekter,NEKTER JUICE BAR,,
Order online at Zaxbys.com,ZAXBYS,,
"Butterball, select varieties, spend $10 at King Soopers",KING SOOPERS,Frozen Turkey,
"Butterball, select varieties, spend $10 at King Soopers",KING SOOPERS,Nut Butters & Jam,
Order from Casey's app or Caseys.com,CASEYS GENERAL STORE,Frozen Pizza & Pizza Snacks,
Order from Casey's app or Caseys.com,CASEYS GENERAL STORE,Cooking & Baking,
"Tru-Ray® Premium Construction Paper, spend $10",,,
"Flonase Allergy Relief, at Walmart",WALMART,Medicines & Treatments,
Spend $25 at KFC,KFC,,
"Gorton's Air Fried Butterfly Shrimp, at Walmart",WALMART,Jerky & Dried Meat,
"Gorton's Air Fried Butterfly Shrimp, at Walmart",WALMART,Frozen Seafood,
"Gorton's Air Fried Butterfly Shrimp, at Walmart",WALMART,Frozen Meals,
"CESAR® Wet Dog Food, spend $20",,Dog Supplies,
"CESAR® Wet Dog Food, spend $20",,Frozen Chicken,
"CESAR® Wet Dog Food, spend $20",,Sauces & Marinades,
"CESAR® Wet Dog Food, spend $20",,Cooking & Baking,
"TWIX®, select sizes",,Candy,Gum
"TWIX®, select sizes",,Cookies,
"M&M'S® chocolate candies, select varieties",,Candy,Gum
"Hidden Valley® Ranch Salad Dressing OR Secret Sauce, select varieties",,Cooking & Baking,
"Hidden Valley® Ranch Salad Dressing OR Secret Sauce, select varieties",,Dips & Salsa,
"Hidden Valley® Ranch Salad Dressing OR Secret Sauce, select varieties",,Sauces & Marinades,
Spend $210 at Randalls,RANDALLS,,
Spend $210 at Randalls,RANDALLS FOOD MARKETS,,
"Cooked Perfect® Meatballs, at Walmart",WALMART,Frozen Chicken,
Spend $25 at Casey's,CASEYS GENERAL STORE,Frozen Pizza & Pizza Snacks,
Spend $25 at Casey's,CASEYS GENERAL STORE,Cooking & Baking,
"Perfect Keto Barista Blend Collagen & MCTs, online at Amazon",AMAZON,Nuts & Seeds,
"Perfect Keto Barista Blend Collagen & MCTs, online at Amazon",AMAZON,Medicines & Treatments,
"Creativity Street®, spend $10",,,
"Crunchmaster® Crackers, spend $4",,Candy,Gum
"Crunchmaster® Crackers, spend $4",,Crackers,
"Tyson Products, select varieties, spend $20 at Sam's Club",SAMS CLUB,Frozen Beef,
"Tyson Products, select varieties, spend $20 at Sam's Club",SAMS CLUB,Packaged Meat,
"L'Oréal Paris Makeup, spend $35 at Target",TARGET,Makeup,
Spend $25 at Subway,SUBWAY,Cooking & Baking,
Any Vons receipt,VONS,Spirits,Vodka
Any Vons receipt,VONS,Spirits,Rum
"Chosen Foods® Mayo, select varieties",,Cooking & Baking,
"Chosen Foods® Mayo, select varieties",,Dips & Salsa,
"Chosen Foods® Mayo, select varieties",,Condiments,
"Chosen Foods® Mayo, select varieties",,Dressings,
"L'Oréal Paris Men Expert hair color, spend $19 at Walmart",WALMART,Hair Care,
Spend $185 at Shaws,SHAWS,Cooking & Baking,
Spend $150 at Vons,VONS,Spirits,Vodka
Spend $150 at Vons,VONS,Spirits,Rum
"Wine from TheBarrelRoom.com, spend $30",GALLO.COM,Wine,
"General Mills™ products, select brands, spend $35",,Packaged Vegetables,
"General Mills™ products, select brands, spend $35",,Refrigerated Doughs,
"General Mills™ products, select brands, spend $35",,Frozen Pizza & Pizza Snacks,
"General Mills™ products, select brands, spend $35",,Bread,
"General Mills™ products, select brands, spend $35",,Frozen Breakfast,
"General Mills™ products, select brands, spend $35",,Chips,
"General Mills™ products, select brands, spend $35",,Cookies,
"General Mills™ products, select brands, spend $35",,"Cereal, Granola, & Toaster Pastries",
"General Mills™ products, select brands, spend $35",,Soup & Broth,
"General Mills™ products, select brands, spend $35",,Dressings,
"General Mills™ products, select brands, spend $35",,Fruit & Vegetable Snacks,
"General Mills™ products, select brands, spend $35",,Crackers,
"General Mills™ products, select brands, spend $35",,Frozen Meals,
"General Mills™ products, select brands, spend $35",,Cheese,
"General Mills™ products, select brands, spend $35",,Cooking & Baking,
"PepsiCo® Beverage, 7.5-ounce 10 pack, select varieties, at Amazon Storefront*",AMAZON,Carbonated Soft Drinks,
"Sara Lee® bread, select varieties, buy 2 at Walmart®",WALMART,Frozen Desserts,
"Sara Lee® bread, select varieties, buy 2 at Walmart®",WALMART,"Cereal, Granola, & Toaster Pastries",
"Sara Lee® bread, select varieties, buy 2 at Walmart®",WALMART,Cheese,
"Sara Lee® bread, select varieties, buy 2 at Walmart®",WALMART,Bread,
"Sara Lee® bread, select varieties, buy 2 at Walmart®",WALMART,Bakery,
"Sara Lee® or Alfaros® Artesano bread, buy 5",,Bakery,
"Sara Lee® or Alfaros® Artesano bread, buy 5",,Bread,
"Bai® Antioxidant, 6 pack, buy 2 at Walmart",WALMART,Tea,
"Bai® Antioxidant, 6 pack, buy 2 at Walmart",WALMART,Drink Mixes,
"Bai® Antioxidant, 6 pack, buy 2 at Walmart",WALMART,Water,
"Bai® Antioxidant, 6 pack, buy 2 at Walmart",WALMART,Fruit Juices,
Spend $5 in-store at Casey's,CASEYS GENERAL STORE,Frozen Pizza & Pizza Snacks,
Spend $5 in-store at Casey's,CASEYS GENERAL STORE,Cooking & Baking,
"Reese's Chocolate Cones, 8 count at GIANT OR MARTIN’S",GIANT FOOD,Frozen Meals,
"Reese's Chocolate Cones, 8 count at GIANT OR MARTIN’S",MARTINS FOODS,Frozen Meals,
"Reese's Chocolate Cones, 8 count at GIANT OR MARTIN’S",GIANT FOOD,Frozen Desserts,
"Reese's Chocolate Cones, 8 count at GIANT OR MARTIN’S",MARTINS FOODS,Frozen Desserts,
Spend $25 at Fresh Thyme Market,FRESH THYME MARKET,,
Any Albertsons receipt,ALBERTSONS,Candy,Gum
Shop 2 times at Albertsons,ALBERTSONS,Candy,Gum
Select beverages AND prepared food items at Casey's,CASEYS GENERAL STORE,Frozen Pizza & Pizza Snacks,
Select beverages AND prepared food items at Casey's,CASEYS GENERAL STORE,Cooking & Baking,
QUEEN V® The VIP & The Wingwoman Soft Touch Silicone Vibrator at Walmart,WALMART,,
"Back to the Roots Grow Seed Starting Pots OR Germination Trays, at Walmart or Target",TARGET,Packaged Meals & Sides,
"Dove Hand Wash, select varieties, buy 2 at Target",TARGET,Bath & Body,
"Dove Hand Wash, select varieties, buy 2 at Target",TARGET,Hair Care,
"Dove Hand Wash, select varieties, buy 2 at Target",TARGET,Makeup,
"Dove Hand Wash, select varieties, buy 2 at Target",TARGET,Deodorant & Antiperspirant,
"Frutero Ice Cream, 1 pint",,Frozen Desserts,
"Frutero Ice Cream, 1 pint",,Frozen Fruits,
Red Gold Tomato Juice,,Sauces & Marinades,
Red Gold Tomato Juice,,Condiments,
Red Gold Tomato Juice,,Drink Mixes,
Red Gold Tomato Juice,,Cooking & Baking,
Red Gold Tomato Juice,,Dips & Salsa,
"Bio-Oil® Skincare Oil OR Gel, select varieties",,Cooking & Baking,
"Bio-Oil® Skincare Oil OR Gel, select varieties",,Skin Care,
Spend $65 at Albertsons,ALBERTSONS,Candy,Gum
"Welch's®Fruit Snacks, select varieties, buy 2",,Fruit & Vegetable Snacks,
Talenti Mini Bars,,Frozen Meals,
Talenti Mini Bars,,Frozen Desserts,
Visit OR order online from Casey's 7 times,CASEYS GENERAL STORE,Frozen Pizza & Pizza Snacks,
Visit OR order online from Casey's 7 times,CASEYS GENERAL STORE,Cooking & Baking,
"Simply Spiked™ Signature Peach 12-pack or larger, buy 2",,Malt Beverages,
"Simply Spiked™ Signature Peach 12-pack or larger, buy 2",,"Hard Seltzers, Sodas, Waters, Lemonades & Teas",
"Molson Coors®, select varieties, 12 pack+",,Makeup,
"Molson Coors®, select varieties, 12 pack+",,Beer,
"Welch's® Zero Sugar Fruity Bites, 6 pack+, online at Amazon",AMAZON,Fruit & Vegetable Snacks,
"PepsiCo® Variety Pack, select varieties, at Amazon Storefront*",AMAZON,Carbonated Soft Drinks,
Spend $100 at Vons,VONS,Spirits,Vodka
Spend $100 at Vons,VONS,Spirits,Rum
Spend $15 at Subway,SUBWAY,Cooking & Baking,
Spend $35 at Fresh Thyme Market,FRESH THYME,,
Sign up for The Club Card or The Club+ Card full-priced membership* (New Members Only),BJS WHOLESALE,Cooking & Baking,
"Marinela® sweet baked goods, buy 2",,Candy,Gum
"Marinela® sweet baked goods, buy 2",,Snack Cakes,
"Marinela® sweet baked goods, buy 2",,Cookies,
"Back to the Roots Soils, select varieties and sizes, at Walmart",WALMART,Packaged Meals & Sides,
"Any General Mills™ products, spend $60",,,
"Welch's® Fruit Snacks, select varieties, 6 count+, buy 3",,Fruit & Vegetable Snacks,
Spend $90 at Tom Thumb,TOM THUMB,,
Spend $5 on single-serve prepared food items at Casey's,CASEYS GENERAL STORE,Frozen Pizza & Pizza Snacks,
Spend $5 on single-serve prepared food items at Casey's,CASEYS GENERAL STORE,Cooking & Baking,
"Coors Light®, Miller Lite® OR VIZZY™ 12 pack+",,"Hard Seltzers, Sodas, Waters, Lemonades & Teas",
"Coors Light®, Miller Lite® OR VIZZY™ 12 pack+",,Malt Beverages,
"Cooked Perfect® Meatballs, Homestyle OR Turkey, at Walmart",WALMART,Frozen Chicken,
12 Pack OR 2 Liter AND Whole Pizza Pie at Casey's,CASEYS GENERAL STORE,Frozen Pizza & Pizza Snacks,
12 Pack OR 2 Liter AND Whole Pizza Pie at Casey's,CASEYS GENERAL STORE,Cooking & Baking,
"General Mills™ products, select brands, spend $7 at Convenience Stores",,Packaged Vegetables,
"General Mills™ products, select brands, spend $7 at Convenience Stores",,Refrigerated Doughs,
"General Mills™ products, select brands, spend $7 at Convenience Stores",,Frozen Pizza & Pizza Snacks,
"General Mills™ products, select brands, spend $7 at Convenience Stores",,Bread,
"General Mills™ products, select brands, spend $7 at Convenience Stores",,Frozen Breakfast,
"General Mills™ products, select brands, spend $7 at Convenience Stores",,Chips,
"General Mills™ products, select brands, spend $7 at Convenience Stores",,Cookies,
"General Mills™ products, select brands, spend $7 at Convenience Stores",,"Cereal, Granola, & Toaster Pastries",
"General Mills™ products, select brands, spend $7 at Convenience Stores",,Soup & Broth,
"General Mills™ products, select brands, spend $7 at Convenience Stores",,Dressings,
"General Mills™ products, select brands, spend $7 at Convenience Stores",,Fruit & Vegetable Snacks,
"General Mills™ products, select brands, spend $7 at Convenience Stores",,Crackers,
"General Mills™ products, select brands, spend $7 at Convenience Stores",,Frozen Meals,
"General Mills™ products, select brands, spend $7 at Convenience Stores",,Cheese,
"General Mills™ products, select brands, spend $7 at Convenience Stores",,Cooking & Baking,
Gillette Venus ® for Pubic Hair & Skin,,Hair Removal,
"Barilla® Pasta, select varieties, buy 2",,Pesto Sauce,
"Barilla® Pasta, select varieties, buy 2",,Chips,
"Barilla® Pasta, select varieties, buy 2",,Red Pasta Sauce,
"Barilla® Pasta, select varieties, buy 2",,Dry Pasta,
Little Bites® Spend $10 at Walmart®,WALMART,Bakery,
Little Bites® Spend $10 at Walmart®,WALMART,Cookies,
Little Bites® Spend $10 at Walmart®,WALMART,Wine,
Little Bites® Spend $10 at Walmart®,WALMART,Snack Cakes,
Envy Apples pre-packed bags,,Candy,Gum
Envy Apples pre-packed bags,,Sauces & Marinades,
Shop 2 times at Tom Thumb,TOM THUMB,,
"Ben & Jerry's Frozen Creme Brulee Non Dairy Dessert, 16 ounce",,Frozen Desserts,
"Purex® laundry detergent, select varieties, at Walmart",WALMART,Laundry Supplies,
Whole Pizza at Casey's,CASEYS GENERAL STORE,Frozen Pizza & Pizza Snacks,
Whole Pizza at Casey's,CASEYS GENERAL STORE,Cooking & Baking,
Shop 2 times at Safeway,SAFEWAY,Candy,Gum
"Any General Mills™ products, spend $30",,,
"Ben & Jerry's® Doggie Desserts, 4 count",,Frozen Desserts,
Sol® 6 pack+,,Beer,
"George's Farmers Market Chicken Wings, at Sam's Club",SAMS CLUB,,
"Michael Angelo's® OR Rao's® Frozen Entrees, spend $10",,Frozen Meals,
"Michael Angelo's® OR Rao's® Frozen Entrees, spend $10",,Pasta & Noodles,Dry Pasta
"Michael Angelo's® OR Rao's® Frozen Entrees, spend $10",,Pasta & Noodles,Fresh Pasta
"Michael Angelo's® OR Rao's® Frozen Entrees, spend $10",,Dry Pasta,
"Michael Angelo's® OR Rao's® Frozen Entrees, spend $10",,Red Pasta Sauce,
"Michael Angelo's® OR Rao's® Frozen Entrees, spend $10",,Sauces & Marinades,
"Michael Angelo's® OR Rao's® Frozen Entrees, spend $10",,Alfredo & White Pasta Sauce,
"Michael Angelo's® OR Rao's® Frozen Entrees, spend $10",,Frozen Pizza & Pizza Snacks,
"Sargento Sliced Cheese, spend $25",,Cheese,
"Sargento Sliced Cheese, spend $12",,Cheese,
Country Crock® Plant Based Butter at Walmart,WALMART,Nut Butters & Jam,
"Perfect Keto Beauty + Sleep Collagen, online at Amazon",AMAZON,Nuts & Seeds,
"Perfect Keto Beauty + Sleep Collagen, online at Amazon",AMAZON,Medicines & Treatments,
"DOVE® chocolate, select varieties",,Candy,Gum
Simply Spiked™ 12 pack+,,Malt Beverages,
Simply Spiked™ 12 pack+,,"Hard Seltzers, Sodas, Waters, Lemonades & Teas",
"Perfect Keto Bars, online at Amazon",AMAZON,Nuts & Seeds,
"Perfect Keto Bars, online at Amazon",AMAZON,Medicines & Treatments,
"Gillette Venus ® for Pubic Hair & Skin, spend $20",,Hair Removal,
AleveX™ at Walmart,WALMART,Medicines & Treatments,
"Envy Apples, pre-packed bags",,Candy,Gum
"Envy Apples, pre-packed bags",,Sauces & Marinades,
"Ben & Jerry's Frozen Sugar Cookie Dough Chunks, 8 ounce",,Frozen Desserts,
"L’Oréal Paris Men Expert hair color, spend $9 at Walmart",WALMART,Hair Care,
"Reese's Peanut Butter Bar, 6 count, at GIANT OR MARTIN’S",MARTINS FOODS,Dips & Salsa,
"Reese's Peanut Butter Bar, 6 count, at GIANT OR MARTIN’S",THE GIANT CO,Dips & Salsa,
"Reese's Peanut Butter Bar, 6 count, at GIANT OR MARTIN’S",MARTINS FOODS,Frozen Desserts,
"Reese's Peanut Butter Bar, 6 count, at GIANT OR MARTIN’S",THE GIANT CO,Frozen Desserts,
"Magnum Non-Dairy Hazelnut Crunch Ice Cream Bars, 3 count",,Frozen Desserts,
"Butterball, select varieties, spend $10 at Fred Meyer",FRED MEYER,Frozen Turkey,
"Butterball, select varieties, spend $10 at Fred Meyer",FRED MEYER,Nut Butters & Jam,
"Thomas'® Bagel Thins®, buy 2",,Bakery,
"Thomas'® Bagel Thins®, buy 2",,Frozen Breakfast,
"Thomas'® Bagel Thins®, buy 2",,Bread,
Spend $60 at TGI Friday's,TGI FRIDAYS,Spirits,Vodka
Spend $60 at TGI Friday's,TGI FRIDAYS,Spirits,Rum
Spend $60 at TGI Friday's,TGI FRIDAYS,Malt Beverages,
"Artesano® buns, buy 2 at Walmart®",WALMART,Bread,
"Artesano® buns, buy 2 at Walmart®",WALMART,Bakery,
"STARBURST®, select sizes, buy 1",,Fruit & Vegetable Snacks,
"STARBURST®, select sizes, buy 1",,Gum,
"STARBURST®, select sizes, buy 1",,Candy,Gum
Fresh Step® Outstretch® Cat Litter,,Bakery,
Fresh Step® Outstretch® Cat Litter,,Hair Care,
Fresh Step® Outstretch® Cat Litter,,Makeup,
Fresh Step® Outstretch® Cat Litter,,Cooking & Baking,
Fresh Step® Outstretch® Cat Litter,,Bath & Body,
Fresh Step® Outstretch® Cat Litter,,Medicines & Treatments,
"Sara Lee® or Alfaros® Artesano bread, spend $8",,Bakery,
"Sara Lee® or Alfaros® Artesano bread, spend $8",,Bread,
"Back to the Roots Dry Plant Food, 5 pounds, at The Home Depot",THE HOME DEPOT,Packaged Meals & Sides,
"Burt's Bees Sensitive Lotions and Creams, select varieties, at Walmart",WALMART,Skin Care,
"Burt's Bees Sensitive Lotions and Creams, select varieties, at Walmart",WALMART,Makeup,
"Burt's Bees Sensitive Lotions and Creams, select varieties, at Walmart",WALMART,Hair Removal,
"Durex® Massage & Play 2 in 1 Pleasure Gel, select varieties, at Walmart or Target",TARGET,Sexual Health,
"Durex® Massage & Play 2 in 1 Pleasure Gel, select varieties, at Walmart or Target",TARGET,Medicines & Treatments,
"Coors Light®, Miller Lite® OR VIZZY™ 12 packs+, buy 4",,"Hard Seltzers, Sodas, Waters, Lemonades & Teas",
"Coors Light®, Miller Lite® OR VIZZY™ 12 packs+, buy 4",,Malt Beverages,
LIFE SAVERS®,,Candy,Gum
"Butterball, select varieties, spend $10 at Kroger",KROGER,Frozen Turkey,
"Butterball, select varieties, spend $10 at Kroger",KROGER,Nut Butters & Jam,
"RESPAWN® by 5® GUM, at Walmart",WALMART,Gum,
"Back to the Roots Garden Soil, 1 cubic foot, at Lowe's Home Improvement",LOWES HOME IMPROVEMENT,Packaged Meals & Sides,
"SiO® Beauty Patches, online at Siobeauty.com",SIOBEAUTY.COM,,
Wesson® Oil Products,,Cooking & Baking,
"Bubbies Pickles, Sauerkraut, and Condiments at Whole Foods or Sprouts",SPROUTS FARMERS MARKET,Prepared Meals,
Michael Angelo's® Sauce at Walmart,WALMART,Sauces & Marinades,
Michael Angelo's® Sauce at Walmart,WALMART,Frozen Meals,
Spend $155 at Pavilions,PAVILIONS,Cooking & Baking,
CESAR® Wet Dog Food Singles,,Dog Supplies,
CESAR® Wet Dog Food Singles,,Frozen Chicken,
CESAR® Wet Dog Food Singles,,Sauces & Marinades,
CESAR® Wet Dog Food Singles,,Cooking & Baking,
Spend $90 at ACME,ACME,Medicines & Treatments,
"Hidden Valley® Ranch Seasoning Mix Packet, 1 count",,Cooking & Baking,
"Hidden Valley® Ranch Seasoning Mix Packet, 1 count",,Dips & Salsa,
"Hidden Valley® Ranch Seasoning Mix Packet, 1 count",,Sauces & Marinades,
"Sargento® products, select varieties",,Cheese,
"Welch's® Fruit Snacks, 250 count, online at Amazon",AMAZON,Fruit & Vegetable Snacks,
"Ben & Jerry's®, select varieties",,Frozen Desserts,
Simply Spiked™ Signature Peach 12 pack+,,Malt Beverages,
Simply Spiked™ Signature Peach 12 pack+,,"Hard Seltzers, Sodas, Waters, Lemonades & Teas",
"Beech-Nut snacks, select varieties",,Nuts & Seeds,
"Beech-Nut snacks, select varieties",,Crackers,
"Beech-Nut snacks, select varieties",,Fruit & Vegetable Snacks,
"Beech-Nut snacks, select varieties",,Cookies,
"Sargento® products, select varieties, buy 3",,Cheese,
Spend $250 at ACME,ACME,Medicines & Treatments,
Wings OR Cheesy Breadsticks at Casey's,CASEYS GENERAL STORE,Frozen Pizza & Pizza Snacks,
Wings OR Cheesy Breadsticks at Casey's,CASEYS GENERAL STORE,Cooking & Baking,
"Butterball, select varieties, spend $10 at Smith's",SMITHS,Frozen Turkey,
"Butterball, select varieties, spend $10 at Smith's",SMITHS,Nut Butters & Jam,
"Perfect Keto Collagen Peptides, online at Amazon",AMAZON,Nuts & Seeds,
"Perfect Keto Collagen Peptides, online at Amazon",AMAZON,Medicines & Treatments,
"Perfect Keto MCT Oil Powder, online at Amazon",AMAZON,Nuts & Seeds,
"Perfect Keto MCT Oil Powder, online at Amazon",AMAZON,Medicines & Treatments,
Hellmann's® OR Best Foods® AND Sargento® Cheese Slices,,Sauces & Marinades,
Hellmann's® OR Best Foods® AND Sargento® Cheese Slices,,Dressings,
Hellmann's® OR Best Foods® AND Sargento® Cheese Slices,,Condiments,
Brita® Pitcher AND Filter,,Water,
Brita® Pitcher AND Filter,,Household Supplies,Laundry Supplies
Brita® Pitcher AND Filter,,Household Supplies,Household Cleaning Supplies
Brita® Pitcher AND Filter,,Household Supplies,Food Storage
Brita® Pitcher AND Filter,,Household Supplies,Household Supplies
Brita® Pitcher AND Filter,,Household Supplies,Pest Control
Spend $90 at Star Market,STAR MARKET,Cooking & Baking,
"SNICKERS®, select sizes, buy 1",,Candy,Gum
"Kodiak® products, select varieties, spend $10",,"Cereal, Granola, & Toaster Pastries",
Bays® English Muffins,,Bread,
"Super Coffee, 12 ounce single serve, buy 3",,Coffee,
"Sara Lee® bread select varieties, buy 2",WALMART,Frozen Desserts,
"Sara Lee® bread select varieties, buy 2",WALMART,"Cereal, Granola, & Toaster Pastries",
"Sara Lee® bread select varieties, buy 2",WALMART,Cheese,
"Sara Lee® bread select varieties, buy 2",WALMART,Bread,
"Sara Lee® bread select varieties, buy 2",WALMART,Bakery,
GOYA® Coconut Water,,Packaged Meat,
GOYA® Coconut Water,,Dry Pasta,
GOYA® Coconut Water,,Bread,
GOYA® Coconut Water,,Dips & Salsa,
GOYA® Coconut Water,,Cooking & Baking,
GOYA® Coconut Water,,Pasta & Noodles,Dry Pasta
GOYA® Coconut Water,,Pasta & Noodles,Fresh Pasta
GOYA® Coconut Water,,Deli Counter,
GOYA® Coconut Water,,Soup & Broth,
GOYA® Coconut Water,,Packaged Vegetables,
GOYA® Coconut Water,,Rice & Grains,
GOYA® Coconut Water,,Crackers,
GOYA® Coconut Water,,Nut Butters & Jam,
GOYA® Coconut Water,,Fruit Juices,
GOYA® Coconut Water,,Frozen Vegetables,
GOYA® Coconut Water,,Packaged Seafood,
GOYA® Coconut Water,,Cookies,
GOYA® Coconut Water,,Frozen Seafood,
GOYA® Coconut Water,,Frozen Fruits,
GOYA® Coconut Water,,Frozen Meals,
GOYA® Coconut Water,,Water,
GOYA® Coconut Water,,Drink Mixes,
GOYA® Coconut Water,,Milk,
GOYA® Coconut Water,,Pudding & Gelatin,
GOYA® Coconut Water,,Frozen Chicken,
GOYA® Coconut Water,,Frozen Appetizers,
GOYA® Coconut Water,,Sauces & Marinades,
GOYA® Coconut Water,,Malt Beverages,
GOYA® Coconut Water,,Pickled Goods,
GOYA® Coconut Water,,Carbonated Soft Drinks,
Spend $35 at TGI Friday's,TGI FRIDAYS,Spirits,Vodka
Spend $35 at TGI Friday's,TGI FRIDAYS,Spirits,Rum
Spend $35 at TGI Friday's,TGI FRIDAYS,Malt Beverages,
Spend $110 at Randalls,RANDALLS FOOD MARKETS,,
"Reese's Chocolate Cones, 8 count at GIANT OR MARTIN’S",GIANT FOOD,Frozen Meals,
"Reese's Chocolate Cones, 8 count at GIANT OR MARTIN’S",MARTINS FOODS,Frozen Meals,
"Reese's Chocolate Cones, 8 count at GIANT OR MARTIN’S",GIANT FOOD,Frozen Desserts,
"Reese's Chocolate Cones, 8 count at GIANT OR MARTIN’S",MARTINS FOODS,Frozen Desserts,
Whole Pizza Pie at Casey's,CASEYS GENERAL STORE,Frozen Pizza & Pizza Snacks,
Whole Pizza Pie at Casey's,CASEYS GENERAL STORE,Cooking & Baking,
Shop 2 times at Star Market,STAR MARKET,Cooking & Baking,
"Hidden Valley® Ranch Seasoning, select varieties",,Cooking & Baking,
"Hidden Valley® Ranch Seasoning, select varieties",,Dips & Salsa,
"Hidden Valley® Ranch Seasoning, select varieties",,Sauces & Marinades,
"General Mills™ products, select varieties, spend $12",,Packaged Vegetables,
"General Mills™ products, select varieties, spend $12",,Refrigerated Doughs,
"General Mills™ products, select varieties, spend $12",,Frozen Pizza & Pizza Snacks,
"General Mills™ products, select varieties, spend $12",,Bread,
"General Mills™ products, select varieties, spend $12",,Frozen Breakfast,
"General Mills™ products, select varieties, spend $12",,Chips,
"General Mills™ products, select varieties, spend $12",,Cookies,
"General Mills™ products, select varieties, spend $12",,"Cereal, Granola, & Toaster Pastries",
"General Mills™ products, select varieties, spend $12",,Soup & Broth,
"General Mills™ products, select varieties, spend $12",,Dressings,
"General Mills™ products, select varieties, spend $12",,Fruit & Vegetable Snacks,
"General Mills™ products, select varieties, spend $12",,Crackers,
"General Mills™ products, select varieties, spend $12",,Frozen Meals,
"General Mills™ products, select varieties, spend $12",,Cheese,
"General Mills™ products, select varieties, spend $12",,Cooking & Baking,
Blue Apron Meal Kits,BLUE APRON,Cooking & Baking,
"Aleve® products, select varieties, 80 count+ at Walmart",WALMART,Medicines & Treatments,
"Welch's® Juicefuls® Juicy Fruit Snacks, 14 count, at Target",TARGET,Fruit & Vegetable Snacks,
"Welch's® Fruit Snacks, select varieties, 6 count+, buy 2",,Fruit & Vegetable Snacks,
"Sign up for McAlister's Deli Rewards, tap for details",MCALISTERS DELI,Cheese,
"Sign up for McAlister's Deli Rewards, tap for details",MCALISTERS DELI,Dips & Salsa,
"Sign up for McAlister's Deli Rewards, tap for details",MCALISTERS DELI,Cooking & Baking,
"Sign up for McAlister's Deli Rewards, tap for details",MCALISTERS DELI,Pickled Goods,
"Sign up for McAlister's Deli Rewards, tap for details",MCALISTERS DELI,Chips,
"Sign up for McAlister's Deli Rewards, tap for details",MCALISTERS DELI,Leafy Salads,
"Sign up for McAlister's Deli Rewards, tap for details",MCALISTERS DELI,Cookies,
"Sign up for McAlister's Deli Rewards, tap for details",MCALISTERS DELI,Bakery,
"Sign up for McAlister's Deli Rewards, tap for details",MCALISTERS DELI,Frozen Turkey,
"Sign up for McAlister's Deli Rewards, tap for details",MCALISTERS DELI,Sauces & Marinades,
"Sign up for McAlister's Deli Rewards, tap for details",MCALISTERS DELI,Coffee,
"Sign up for McAlister's Deli Rewards, tap for details",MCALISTERS DELI,Soup & Broth,
"Sign up for McAlister's Deli Rewards, tap for details",MCALISTERS DELI,Frozen Meals,
"Sign up for McAlister's Deli Rewards, tap for details",MCALISTERS DELI,Fruit Juices,
"Sign up for McAlister's Deli Rewards, tap for details",MCALISTERS DELI,Prepared Meals,
"Sign up for McAlister's Deli Rewards, tap for details",MCALISTERS DELI,Frozen Chicken,
"Sign up for McAlister's Deli Rewards, tap for details",MCALISTERS DELI,Pasta & Noodles,Dry Pasta
"Sign up for McAlister's Deli Rewards, tap for details",MCALISTERS DELI,Pasta & Noodles,Fresh Pasta
"Sign up for McAlister's Deli Rewards, tap for details",MCALISTERS DELI,Fruit & Vegetable Snacks,
"Sign up for McAlister's Deli Rewards, tap for details",MCALISTERS DELI,Carbonated Soft Drinks,
"Sign up for McAlister's Deli Rewards, tap for details",MCALISTERS DELI,Bread,
"Sign up for McAlister's Deli Rewards, tap for details",MCALISTERS DELI,Packaged Meals & Sides,
"Sign up for McAlister's Deli Rewards, tap for details",MCALISTERS DELI,Wine,
"Sign up for McAlister's Deli Rewards, tap for details",MCALISTERS DELI,Tea,
"Sign up for McAlister's Deli Rewards, tap for details",MCALISTERS DELI,Packaged Fruit & Applesauce,
"Sign up for McAlister's Deli Rewards, tap for details",MCALISTERS DELI,Candy,Gum
"Sign up for McAlister's Deli Rewards, tap for details",MCALISTERS DELI,Milk,
"Sign up for McAlister's Deli Rewards, tap for details",MCALISTERS DELI,Water,
"Sign up for McAlister's Deli Rewards, tap for details",MCALISTERS DELI,Dressings,
"Arbos Cheese Dip, 12 ounce, buy at Central Market",CENTRAL MARKET,,
L'Oréal Paris Excellence Hair Color at Target,TARGET,Hair Care,
"Kradle, select varieties, spend $20 at Walmart",WALMART,Cooking & Baking,
"Kradle, select varieties, spend $20 at Walmart",WALMART,Dog Supplies,
Frozen OR Fountain Drink at Casey's,CASEYS GENERAL STORE,Frozen Pizza & Pizza Snacks,
Frozen OR Fountain Drink at Casey's,CASEYS GENERAL STORE,Cooking & Baking,
"Arnold, Brownberry, Oroweat® Keto bread, buy 2",,Bread,
"Arnold, Brownberry, Oroweat® Keto bread, buy 2",,Prepared Meals,
"Arnold, Brownberry, Oroweat® Keto bread, buy 2",,Bakery,
Shop 2 times at Shaw's,SHAWS,Cooking & Baking,
"Welch's®Fruit Snacks, spend $8",,Fruit & Vegetable Snacks,
"Children's Astepro® Allergy, 22 count at Dollar General",DOLLAR GENERAL STORE,Medicines & Treatments,
Spend $10 in-store at Casey's,CASEYS GENERAL STORE,Frozen Pizza & Pizza Snacks,
Spend $10 in-store at Casey's,CASEYS GENERAL STORE,Cooking & Baking,
"Fresh bakery item, select varieties, at Casey's",CASEYS GENERAL STORE,Frozen Pizza & Pizza Snacks,
"Fresh bakery item, select varieties, at Casey's",CASEYS GENERAL STORE,Cooking & Baking,
"SNICKERS® chocolate candy bar, select varieties",,Candy,Gum
Rao's® Frozen Pizza,,Frozen Meals,
Rao's® Frozen Pizza,,Pasta & Noodles,Dry Pasta
Rao's® Frozen Pizza,,Pasta & Noodles,Fresh Pasta
Rao's® Frozen Pizza,,Dry Pasta,
Rao's® Frozen Pizza,,Red Pasta Sauce,
Rao's® Frozen Pizza,,Sauces & Marinades,
Rao's® Frozen Pizza,,Alfredo & White Pasta Sauce,
Rao's® Frozen Pizza,,Frozen Pizza & Pizza Snacks,
"GATORADE® Fast Twitch®, 12-ounce single serve, buy 2 at Kroger",FOOD4LESS,Medicines & Treatments,
"GATORADE® Fast Twitch®, 12-ounce single serve, buy 2 at Kroger",FRED MEYER,Medicines & Treatments,
"GATORADE® Fast Twitch®, 12-ounce single serve, buy 2 at Kroger",FOOD4LESS,Meal Replacement Beverages,
"GATORADE® Fast Twitch®, 12-ounce single serve, buy 2 at Kroger",FRED MEYER,Meal Replacement Beverages,
"GATORADE® Fast Twitch®, 12-ounce single serve, buy 2 at Kroger",FOOD4LESS,Sports Drinks,
"GATORADE® Fast Twitch®, 12-ounce single serve, buy 2 at Kroger",FRED MEYER,Sports Drinks,
"Bimbo® sweet baked goods, buy 2",,Bread,
"Bimbo® sweet baked goods, buy 2",,Cookies,
"Bimbo® sweet baked goods, buy 2",,Bakery,
"Bimbo® sweet baked goods, buy 2",,Snack Cakes,
Any Shaw's receipt,SHAWS,Cooking & Baking,
"Gorton's, at select retailers",STOP & SHOP,Jerky & Dried Meat,
"Gorton's, at select retailers",SHOP RITE,Jerky & Dried Meat,
"Gorton's, at select retailers",STOP & SHOP,Frozen Seafood,
"Gorton's, at select retailers",SHOP RITE,Frozen Seafood,
"Gorton's, at select retailers",STOP & SHOP,Frozen Meals,
"Gorton's, at select retailers",SHOP RITE,Frozen Meals,
"Butterball, select varieties, spend $10 at Food 4 Less",FOOD4LESS,Frozen Turkey,
"Butterball, select varieties, spend $10 at Food 4 Less",FOOD4LESS,Nut Butters & Jam,
NatuChips® Plantain Chips,,Chips,
"Beech-Nut pouches, buy 8",,Nuts & Seeds,
"Beech-Nut pouches, buy 8",,Crackers,
"Beech-Nut pouches, buy 8",,Fruit & Vegetable Snacks,
"Beech-Nut pouches, buy 8",,Cookies,
Spend $45 at Zaxby's,ZAXBYS,,
"Back to the Roots Raised Bed Gardening Kit with Soil, Seeds and Plant Food, at Target",TARGET,Packaged Meals & Sides,
"Ben & Jerry's®, select varieties, spend $12",,Frozen Desserts,
Any ACME receipt,ACME,Medicines & Treatments,
Spend $220 at Tom Thumb,TOM THUMB,,
"Promised Land Dairy Milk, 52-ounce",,Milk,
"Welch's® Fruit 'n Yogurt® Snacks, 18 count, at Walmart",WALMART,Fruit & Vegetable Snacks,
Hidden Valley® Ranch Seasoning Shaker,,Cooking & Baking,
Hidden Valley® Ranch Seasoning Shaker,,Dips & Salsa,
Hidden Valley® Ranch Seasoning Shaker,,Sauces & Marinades,
"CORE® Hydration, select varieties, at Walmart",WALMART,Water,
When you join Costco as a Gold Star Member* (New Members Only),COSTCO,,
Whole pizza at Casey's,CASEYS GENERAL STORE,Frozen Pizza & Pizza Snacks,
Whole pizza at Casey's,CASEYS GENERAL STORE,Cooking & Baking,
Spend $40 at Farmer Boys,FARMER BOYS,,
"Colgate® Toothpaste AND Colgate® Toothbrush, select varieties at Walmart or Target",TARGET,Oral Care,Toothpaste
"L'Oréal Paris Hair color, select varieties, spend $25 at Target",TARGET,Hair Care,
"TWIX®, select varieties",,Candy,Gum
"TWIX®, select varieties",,Cookies,
Spend $15 at KFC,KFC,,
Spend $275 at Vons,VONS,Spirits,Vodka
Spend $275 at Vons,VONS,Spirits,Rum
"EXTRA®, select varieties",,Gum,
"Ben & Jerry's® Doggie Desserts, 4 ounce, buy 2",,Frozen Desserts,
"Klondike Cones, spend $10 at Walmart ",WALMART,Frozen Meals,
"Klondike Cones, spend $10 at Walmart ",WALMART,Frozen Desserts,
"Reese's Peanut Butter Bar, 6 count, at GIANT OR MARTIN’S",MARTINS FOODS,Dips & Salsa,
"Reese's Peanut Butter Bar, 6 count, at GIANT OR MARTIN’S",THE GIANT CO,Dips & Salsa,
"Reese's Peanut Butter Bar, 6 count, at GIANT OR MARTIN’S",MARTINS FOODS,Frozen Desserts,
"Reese's Peanut Butter Bar, 6 count, at GIANT OR MARTIN’S",THE GIANT CO,Frozen Desserts,
"Beyond Steak™ Plant-Based seared tips, 10 ounce at H-E-B",H-E-B,Plant-Based Meat,
"Beyond Steak™ Plant-Based seared tips, 10 ounce at H-E-B",H-E-B,Packaged Meat,
"Beyond Steak™ Plant-Based seared tips, 10 ounce at H-E-B",H-E-B,Frozen Plant-Based Meat,
"Kradle, select products, online at Chewy.com",CHEWY,Cooking & Baking,
"Kradle, select products, online at Chewy.com",CHEWY,Dog Supplies,
Spend $120 at Star Market,STAR MARKET,Cooking & Baking,
Shop 2 times at Vons,VONS,Spirits,Vodka
Shop 2 times at Vons,VONS,Spirits,Rum
Wonderworks™ Keto* Friendly Cereal,,"Cereal, Granola, & Toaster Pastries",
"MTN DEW® Kickstart, 16-ounce 12 count, select varieties, at Amazon Storefront*",AMAZON,Carbonated Soft Drinks,
When you join Costco as an Executive Member* (New Members Only),COSTCO,,
"Adult Astepro® Allergy, 22 count at Dollar General",DOLLAR GENERAL STORE,Medicines & Treatments,
Shop 2 times at Pavilions,PAVILIONS,Cooking & Baking,
"SKITTLES®, select varieties",,Candy,Gum
"SKITTLES®, select varieties",,Fruit Juices,
"Stubborn Soda OR Bundaberg Ginger Beer, select varieties, at Amazon Storefront*",AMAZON,Carbonated Soft Drinks,
"BallPark® buns, buy 2",,Bakery,
"BallPark® buns, buy 2",,Bread,
12 Pack OR 2 Liter AND Whole Pizza at Casey's,CASEYS GENERAL STORE,Frozen Pizza & Pizza Snacks,
12 Pack OR 2 Liter AND Whole Pizza at Casey's,CASEYS GENERAL STORE,Cooking & Baking,
Spend $220 at Star Market,STAR MARKET,Cooking & Baking,
Frozen OR Fountain Drink at Casey's ,CASEYS GENERAL STORE,Frozen Pizza & Pizza Snacks,
Frozen OR Fountain Drink at Casey's ,CASEYS GENERAL STORE,Cooking & Baking,
Spend $45 at TGI Friday's,TGI FRIDAYS,Spirits,Vodka
Spend $45 at TGI Friday's,TGI FRIDAYS,Spirits,Rum
Spend $45 at TGI Friday's,TGI FRIDAYS,Malt Beverages,
Visit OR order online from Casey's 3 times,CASEYS GENERAL STORE,Frozen Pizza & Pizza Snacks,
Visit OR order online from Casey's 3 times,CASEYS GENERAL STORE,Cooking & Baking,
Spend $210 at Randalls,RANDALLS,,
Spend $210 at Randalls,RANDALLS FOOD MARKETS,,
Visit OR order online from Casey's 5 times,CASEYS GENERAL STORE,Frozen Pizza & Pizza Snacks,
Visit OR order online from Casey's 5 times,CASEYS GENERAL STORE,Cooking & Baking,
Any Tom Thumb receipt,TOM THUMB,,
"Butterball, select varieties, spend $10 at Fry's Food Store",FRYS FOOD STORE,Frozen Turkey,
"Butterball, select varieties, spend $10 at Fry's Food Store",FRYS FOOD STORE,Nut Butters & Jam,
"ORBIT®, select sizes, buy 1",,Gum,
12 pack OR 2 liter AND Whole Pizza at Casey's,CASEYS GENERAL STORE,Frozen Pizza & Pizza Snacks,
12 pack OR 2 liter AND Whole Pizza at Casey's,CASEYS GENERAL STORE,Cooking & Baking,
"Molson Coors®, select varieties, 12 Pack+, buy 2",,"Hard Seltzers, Sodas, Waters, Lemonades & Teas",
"Thomas'®, select varieties, spend $10",,Bakery,
"Thomas'®, select varieties, spend $10",,Frozen Breakfast,
"Thomas'®, select varieties, spend $10",,Bread,
"Beyond Steak™ Plant-Based seared tips, 10 ounce, buy 2 at Target",TARGET,Plant-Based Meat,
"Beyond Steak™ Plant-Based seared tips, 10 ounce, buy 2 at Target",TARGET,Packaged Meat,
"Beyond Steak™ Plant-Based seared tips, 10 ounce, buy 2 at Target",TARGET,Frozen Plant-Based Meat,
Whole Pizza at Casey's ,CASEYS GENERAL STORE,Frozen Pizza & Pizza Snacks,
Whole Pizza at Casey's ,CASEYS GENERAL STORE,Cooking & Baking,
"EXTRA®, select sizes",,Gum,
Gorton's at select retailers,STOP & SHOP,Jerky & Dried Meat,
Gorton's at select retailers,WALMART,Jerky & Dried Meat,
Gorton's at select retailers,STOP & SHOP,Frozen Seafood,
Gorton's at select retailers,WALMART,Frozen Seafood,
Gorton's at select retailers,STOP & SHOP,Frozen Meals,
Gorton's at select retailers,WALMART,Frozen Meals,
Brita® Standard OR Elite Filters,,Water,
Brita® Standard OR Elite Filters,,Household Supplies,Laundry Supplies
Brita® Standard OR Elite Filters,,Household Supplies,Household Cleaning Supplies
Brita® Standard OR Elite Filters,,Household Supplies,Food Storage
Brita® Standard OR Elite Filters,,Household Supplies,Household Supplies
Brita® Standard OR Elite Filters,,Household Supplies,Pest Control
Spend $300 at Shaws,SHAWS,Cooking & Baking,
Spend $50 at Fresh Thyme Market,FRESH THYME MARKET,,
"Starry™ Lemon Lime Soda multipacks, at Kroger",DILLONS GROCERY,Carbonated Soft Drinks,
"Barilla® pasta, select varieties, buy 3",,Pesto Sauce,
"Barilla® pasta, select varieties, buy 3",,Chips,
"Barilla® pasta, select varieties, buy 3",,Red Pasta Sauce,
"Barilla® pasta, select varieties, buy 3",,Dry Pasta,
"Fresh Bakery Products at Casey's, select varieties",CASEYS GENERAL STORE,Frozen Pizza & Pizza Snacks,
"Fresh Bakery Products at Casey's, select varieties",CASEYS GENERAL STORE,Cooking & Baking,
"Coors Light®, Miller Lite® OR VIZZY™ 12 packs+, buy 2",,"Hard Seltzers, Sodas, Waters, Lemonades & Teas",
"Coors Light®, Miller Lite® OR VIZZY™ 12 packs+, buy 2",,Malt Beverages,
"Kradle, select varieties, online at Amazon",AMAZON,Cooking & Baking,
"Kradle, select varieties, online at Amazon",AMAZON,Dog Supplies,
"Starry™ Lemon Lime Soda, 7.5-ounce 10 pack, at Amazon Storefront*",AMAZON,Carbonated Soft Drinks,
"EVOLVE® Plant-Based Protein Shake, 4 count, select varieties, at Whole Foods",WHOLE FOODS MARKET,Frozen Turkey,
"EVOLVE® Plant-Based Protein Shake, 4 count, select varieties, at Whole Foods",WHOLE FOODS MARKET,Carbonated Soft Drinks,
"EVOLVE® Plant-Based Protein Shake, 4 count, select varieties, at Whole Foods",WHOLE FOODS MARKET,Meal Replacement Beverages,
"Burt's Bee's® Facial Wipes, select varieties, 30 count at Walmart",WALMART,Skin Care,
"Burt's Bee's® Facial Wipes, select varieties, 30 count at Walmart",WALMART,Makeup,
"Burt's Bee's® Facial Wipes, select varieties, 30 count at Walmart",WALMART,Hair Removal,
"Aleve® products AND AleveX™, select varieties, at Walmart",WALMART,Medicines & Treatments,
"Beyond Meat® Plant-Based products, spend $15",,Plant-Based Meat,
"Beyond Meat® Plant-Based products, spend $15",,Packaged Meat,
"Beyond Meat® Plant-Based products, spend $15",,Frozen Plant-Based Meat,
"GOYA® Adobo Seasoning, 8 ounce+",,Packaged Meat,
"GOYA® Adobo Seasoning, 8 ounce+",,Dry Pasta,
"GOYA® Adobo Seasoning, 8 ounce+",,Bread,
"GOYA® Adobo Seasoning, 8 ounce+",,Dips & Salsa,
"GOYA® Adobo Seasoning, 8 ounce+",,Cooking & Baking,
"GOYA® Adobo Seasoning, 8 ounce+",,Pasta & Noodles,Dry Pasta
"GOYA® Adobo Seasoning, 8 ounce+",,Pasta & Noodles,Fresh Pasta
"GOYA® Adobo Seasoning, 8 ounce+",,Deli Counter,
"GOYA® Adobo Seasoning, 8 ounce+",,Soup & Broth,
"GOYA® Adobo Seasoning, 8 ounce+",,Packaged Vegetables,
"GOYA® Adobo Seasoning, 8 ounce+",,Rice & Grains,
"GOYA® Adobo Seasoning, 8 ounce+",,Crackers,
"GOYA® Adobo Seasoning, 8 ounce+",,Nut Butters & Jam,
"GOYA® Adobo Seasoning, 8 ounce+",,Fruit Juices,
"GOYA® Adobo Seasoning, 8 ounce+",,Frozen Vegetables,
"GOYA® Adobo Seasoning, 8 ounce+",,Packaged Seafood,
"GOYA® Adobo Seasoning, 8 ounce+",,Cookies,
"GOYA® Adobo Seasoning, 8 ounce+",,Frozen Seafood,
"GOYA® Adobo Seasoning, 8 ounce+",,Frozen Fruits,
"GOYA® Adobo Seasoning, 8 ounce+",,Frozen Meals,
"GOYA® Adobo Seasoning, 8 ounce+",,Water,
"GOYA® Adobo Seasoning, 8 ounce+",,Drink Mixes,
"GOYA® Adobo Seasoning, 8 ounce+",,Milk,
"GOYA® Adobo Seasoning, 8 ounce+",,Pudding & Gelatin,
"GOYA® Adobo Seasoning, 8 ounce+",,Frozen Chicken,
"GOYA® Adobo Seasoning, 8 ounce+",,Frozen Appetizers,
"GOYA® Adobo Seasoning, 8 ounce+",,Sauces & Marinades,
"GOYA® Adobo Seasoning, 8 ounce+",,Malt Beverages,
"GOYA® Adobo Seasoning, 8 ounce+",,Pickled Goods,
"GOYA® Adobo Seasoning, 8 ounce+",,Carbonated Soft Drinks,
"Tyson Products, select varieties, spend $15 at Walmart",WALMART,Packaged Meat,
Spend $210 at Safeway,SAFEWAY,Candy,Gum
Klondike Cones at Walmart ,WALMART,Frozen Meals,
Klondike Cones at Walmart ,WALMART,Frozen Desserts,
Spend $110 at Albertsons,ALBERTSONS,Candy,Gum
"Bubbies Pickles, Sauerkraut, OR Condiments at Whole Foods or Sprouts",SPROUTS FARMERS MARKET,Prepared Meals,
"Sara Lee® or Alfaros® Artesano bread, buy 2",,Bakery,
"Sara Lee® or Alfaros® Artesano bread, buy 2",,Bread,
"Beyond Meat® Plant-Based products, spend $20",,Plant-Based Meat,
"Beyond Meat® Plant-Based products, spend $20",,Packaged Meat,
"Beyond Meat® Plant-Based products, spend $20",,Frozen Plant-Based Meat,
Spend $10 on Casey's branded packaged products,CASEYS GENERAL STORE,Frozen Pizza & Pizza Snacks,
Spend $10 on Casey's branded packaged products,CASEYS GENERAL STORE,Cooking & Baking,
Any Randalls receipt,RANDALLS FOOD MARKETS,,
Any Randalls receipt,RANDALLS,,
"Arber, at Target",TARGET,,
"Häagen-Dazs®, 28 ounce, at GROCERY* stores",,Frozen Desserts,
Spend $130 at ACME,ACME,Medicines & Treatments,
"Spend $110 on a Full-Priced new Plus Membership and receive an ADDITIONAL 10,000 points",SAMS CLUB,,
"Butterball, select varieties, spend $10 at QFC",QFC,Frozen Turkey,
"Butterball, select varieties, spend $10 at QFC",QFC,Nut Butters & Jam,
Spend $100 at Pavilions,PAVILIONS,Cooking & Baking,
"Glad® Trash Bags, 4 OR 8 Gallon",,Crackers,
"Glad® Trash Bags, 4 OR 8 Gallon",,Prepared Meals,
"Glad® Trash Bags, 4 OR 8 Gallon",,Food Storage,
"Glad® Trash Bags, 4 OR 8 Gallon",,Household Supplies,Laundry Supplies
"Glad® Trash Bags, 4 OR 8 Gallon",,Household Supplies,Household Cleaning Supplies
"Glad® Trash Bags, 4 OR 8 Gallon",,Household Supplies,Food Storage
"Glad® Trash Bags, 4 OR 8 Gallon",,Household Supplies,Household Supplies
"Glad® Trash Bags, 4 OR 8 Gallon",,Household Supplies,Pest Control
Tostitos® Toppers™,,Chips,
Tostitos® Toppers™,,Dips & Salsa,
Tostitos® Toppers™,,Sauces & Marinades,
:ratio™ KETO* Friendly Cereal OR Granola,,Nuts & Seeds,
:ratio™ KETO* Friendly Cereal OR Granola,,"Cereal, Granola, & Toaster Pastries",
:ratio™ KETO* Friendly Cereal OR Granola,,Yogurt,
"Burt's Bees® products, select varieties, at Walmart",WALMART,Skin Care,
"Burt's Bees® products, select varieties, at Walmart",WALMART,Makeup,
"Burt's Bees® products, select varieties, at Walmart",WALMART,Hair Removal,
"Bio-Oil® products, select varieties",,Cooking & Baking,
"Bio-Oil® products, select varieties",,Skin Care,
"André® California, Champagne OR Sparkling Wines, 750mL bottle",,Wine,
Spend $20 at Farmer Boys,FARMER BOYS,,
"Any General Mills™ products, spend $50",,,
Chosen Foods® Dressings,,Cooking & Baking,
Chosen Foods® Dressings,,Dips & Salsa,
Chosen Foods® Dressings,,Condiments,
Chosen Foods® Dressings,,Dressings,
Spend $30 at Dickey's Barbecue Pit,DICKEYS BARBECUE PIT,,
Degree for Men OR Women Dry Spray,,Deodorant & Antiperspirant,
"Coors Light®, Miller Lite® OR VIZZY™ 12 packs+, buy 3",,"Hard Seltzers, Sodas, Waters, Lemonades & Teas",
"Coors Light®, Miller Lite® OR VIZZY™ 12 packs+, buy 3",,Malt Beverages,
Back to the Roots Microgreens Grow Kit OR Seed Refill at Walmart,WALMART,Packaged Meals & Sides,
Spend $40 at KFC,KFC,,
"Bai® Antioxidant, 6 pack, at Walmart",WALMART,Tea,
"Bai® Antioxidant, 6 pack, at Walmart",WALMART,Drink Mixes,
"Bai® Antioxidant, 6 pack, at Walmart",WALMART,Water,
"Bai® Antioxidant, 6 pack, at Walmart",WALMART,Fruit Juices,
Spend $20 at Dickey's Barbecue Pit,DICKEYS BARBECUE PIT,,
Spend $25 at TGI Friday's,TGI FRIDAYS,Spirits,Vodka
Spend $25 at TGI Friday's,TGI FRIDAYS,Spirits,Rum
Spend $25 at TGI Friday's,TGI FRIDAYS,Malt Beverages,
"L'Oréal Paris Hair color, select varieties, spend $9 at Target",TARGET,Hair Care,
"Sargento Sliced Cheese, spend $18",,Cheese,
"SKITTLES®, select sizes",,Candy,Gum
"SKITTLES®, select sizes",,Fruit Juices,
"LIFESAVERS®, any size, buy 1",,Candy,Gum
"L'Oréal Paris Makeup, spend $30 at Target",TARGET,Makeup,
Spend $115 at Tom Thumb,TOM THUMB,,
Any Randalls receipt,RANDALLS FOOD MARKETS,,
Any Randalls receipt,RANDALLS,,
Spend $75 at Randalls,RANDALLS,,
Shop 2 times at Randalls,RANDALLS FOOD MARKETS,,
Shop 2 times at Randalls,RANDALLS,,
"GATORADE® Fast Twitch®, 12-ounce single serve",,Medicines & Treatments,
"GATORADE® Fast Twitch®, 12-ounce single serve",,Meal Replacement Beverages,
"GATORADE® Fast Twitch®, 12-ounce single serve",,Sports Drinks,
Spend $10 at Nekter,NEKTER JUICE BAR,,
"Brownie Brittle® Snacks, select varieties, buy 2",,Bakery,
"Brownie Brittle® Snacks, select varieties, buy 2",,Cookies,
Cheerios™ Oat Crunch Berry Cereal,,"Cereal, Granola, & Toaster Pastries",
Glad® ForceFlex Max Strength Trash Bags,,Crackers,
Glad® ForceFlex Max Strength Trash Bags,,Prepared Meals,
Glad® ForceFlex Max Strength Trash Bags,,Food Storage,
Glad® ForceFlex Max Strength Trash Bags,,Household Supplies,Laundry Supplies
Glad® ForceFlex Max Strength Trash Bags,,Household Supplies,Household Cleaning Supplies
Glad® ForceFlex Max Strength Trash Bags,,Household Supplies,Food Storage
Glad® ForceFlex Max Strength Trash Bags,,Household Supplies,Household Supplies
Glad® ForceFlex Max Strength Trash Bags,,Household Supplies,Pest Control
"GATORADE® Fast Twitch®, 12-ounce single serve, at Kroger",DILLONS GROCERY,Medicines & Treatments,
"GATORADE® Fast Twitch®, 12-ounce single serve, at Kroger",DILLONS GROCERY,Meal Replacement Beverages,
"GATORADE® Fast Twitch®, 12-ounce single serve, at Kroger",DILLONS GROCERY,Sports Drinks,
Spend $10 at CVS,CVS,Cooking & Baking,
Spend $10 at CVS,CVS,Medicines & Treatments,
Spend $10 at CVS,CVS,Skin Care,
Spend $10 at CVS,CVS,Fruit Juices,
"OxiClean™ Laundry Stain Removers, select varieties at Walmart",WALMART,,
Country Crock® Plant Based Cream at Walmart,WALMART,Nut Butters & Jam,
2 Pack OR 2 Liter AND Whole Pizza at Casey's,CASEYS GENERAL STORE,Frozen Pizza & Pizza Snacks,
2 Pack OR 2 Liter AND Whole Pizza at Casey's,CASEYS GENERAL STORE,Cooking & Baking,
Arnold® Grains Almighty,,Bread,
Arnold® Grains Almighty,,Prepared Meals,
Arnold® Grains Almighty,,Bakery,
"Snuggle® Liquid Fabric Softener, at Walmart",WALMART,Household Supplies,Laundry Supplies
"Snuggle® Liquid Fabric Softener, at Walmart",WALMART,Household Supplies,Household Cleaning Supplies
"Snuggle® Liquid Fabric Softener, at Walmart",WALMART,Household Supplies,Food Storage
"Snuggle® Liquid Fabric Softener, at Walmart",WALMART,Household Supplies,Household Supplies
"Snuggle® Liquid Fabric Softener, at Walmart",WALMART,Household Supplies,Pest Control
"Hidden Valley® Ranch Night Seasoning Mix, 1 count",,Cooking & Baking,
"Hidden Valley® Ranch Night Seasoning Mix, 1 count",,Dips & Salsa,
"Hidden Valley® Ranch Night Seasoning Mix, 1 count",,Sauces & Marinades,
"Kradle, select varieties, at Pet Supplies Plus",PET SUPPLIES PLUS,Cooking & Baking,
"Kradle, select varieties, at Pet Supplies Plus",PET SUPPLIES PLUS,Dog Supplies,
"Back to the Roots Soils, select varieties and sizes, at Lowes",LOWES HOME IMPROVEMENT,Packaged Meals & Sides,
"Butterball, select varieties, spend $10 at Mariano's",MARIANOS,Frozen Turkey,
"Butterball, select varieties, spend $10 at Mariano's",MARIANOS,Nut Butters & Jam,
"CORE® Hydration, select varieties, buy 2 at Walmart",WALMART,Water,
Spend $40 at Dickey's Barbecue Pit,DICKEYS BARBECUE PIT,,
"General Mills™ snacks, select brands, spend $10",,Chips,
"Back to the Roots Soils, select varieties, at Walmart or Lowes",LOWES HOME IMPROVEMENT,Packaged Meals & Sides,
"Barilla® pasta, select varieties, buy 4",,Pesto Sauce,
"Barilla® pasta, select varieties, buy 4",,Chips,
"Barilla® pasta, select varieties, buy 4",,Red Pasta Sauce,
"Barilla® pasta, select varieties, buy 4",,Dry Pasta,
"GATORLYTE® OR GATORADE™ Fit Single Serve Bottle, select varieties",,Medicines & Treatments,
"GATORLYTE® OR GATORADE™ Fit Single Serve Bottle, select varieties",,Meal Replacement Beverages,
"GATORLYTE® OR GATORADE™ Fit Single Serve Bottle, select varieties",,Sports Drinks,
"Burt's Bees® Sensitive Lotions and Creams, select varieties, at Walmart",WALMART,Skin Care,
"Burt's Bees® Sensitive Lotions and Creams, select varieties, at Walmart",WALMART,Makeup,
"Burt's Bees® Sensitive Lotions and Creams, select varieties, at Walmart",WALMART,Hair Removal,
"Arber, at Walmart",WALMART,,
"Coors Light®, Miller Lite® OR VIZZY™ 12 packs+, buy 5",,"Hard Seltzers, Sodas, Waters, Lemonades & Teas",
"Coors Light®, Miller Lite® OR VIZZY™ 12 packs+, buy 5",,Malt Beverages,
Any Pavilions receipt,PAVILIONS,Cooking & Baking,
Back to the Roots Grow Kits at Walmart or The Home Depot,WALMART,Packaged Meals & Sides,
Any Safeway receipt,SAFEWAY,Candy,Gum
"Welch's® Fruit Snacks, select varieties, 6 count+",,Fruit & Vegetable Snacks,
Back to the Roots Grow Hydroponic Grow Kit OR Refill Bundle at Walmart,WALMART,Packaged Meals & Sides,
"Ben & Jerry's Wake & No Bake Cookie Dough Ice Cream, 16 ounce",,Frozen Desserts,
"ORBIT®, select varieties",,Gum,
"GATORADE® Fast Twitch®, 12-ounce single serve, buy 2 at Kroger",FOOD4LESS,Medicines & Treatments,
"GATORADE® Fast Twitch®, 12-ounce single serve, buy 2 at Kroger",FRED MEYER,Medicines & Treatments,
"GATORADE® Fast Twitch®, 12-ounce single serve, buy 2 at Kroger",FOOD4LESS,Meal Replacement Beverages,
"GATORADE® Fast Twitch®, 12-ounce single serve, buy 2 at Kroger",FRED MEYER,Meal Replacement Beverages,
"GATORADE® Fast Twitch®, 12-ounce single serve, buy 2 at Kroger",FOOD4LESS,Sports Drinks,
"GATORADE® Fast Twitch®, 12-ounce single serve, buy 2 at Kroger",FRED MEYER,Sports Drinks,
"Butterball, select varieties, spend $10 at Pick 'n Save OR Metro Market",PICK N SAVE,Frozen Turkey,
"Butterball, select varieties, spend $10 at Pick 'n Save OR Metro Market",PICK N SAVE,Nut Butters & Jam,
Hellmann's | Best Foods Vegan Dressing or Spread,,Sauces & Marinades,
Hellmann's | Best Foods Vegan Dressing or Spread,,Dressings,
Hellmann's | Best Foods Vegan Dressing or Spread,,Condiments,
"Rao's®, Pasta OR Sauce, spend $10",,Frozen Meals,
"Rao's®, Pasta OR Sauce, spend $10",,Pasta & Noodles,Dry Pasta
"Rao's®, Pasta OR Sauce, spend $10",,Pasta & Noodles,Fresh Pasta
"Rao's®, Pasta OR Sauce, spend $10",,Dry Pasta,
"Rao's®, Pasta OR Sauce, spend $10",,Red Pasta Sauce,
"Rao's®, Pasta OR Sauce, spend $10",,Sauces & Marinades,
"Rao's®, Pasta OR Sauce, spend $10",,Alfredo & White Pasta Sauce,
"Rao's®, Pasta OR Sauce, spend $10",,Frozen Pizza & Pizza Snacks,
L'Oreal Paris True Match Foundation at Target,TARGET,Makeup,
"Sara Lee® or Alfaros® Artesano bread, spend $20",,Bakery,
"Sara Lee® or Alfaros® Artesano bread, spend $20",,Bread,
Spend $220 at Albertsons,ALBERTSONS,Candy,Gum
"Perfect Keto Super Reds, online at Amazon",AMAZON,Nuts & Seeds,
"Perfect Keto Super Reds, online at Amazon",AMAZON,Medicines & Treatments,
The Rustik Oven® bread,,Bread,
Gorton's at select retailers,STOP & SHOP,Jerky & Dried Meat,
Gorton's at select retailers,WALMART,Jerky & Dried Meat,
Gorton's at select retailers,STOP & SHOP,Frozen Seafood,
Gorton's at select retailers,WALMART,Frozen Seafood,
Gorton's at select retailers,STOP & SHOP,Frozen Meals,
Gorton's at select retailers,WALMART,Frozen Meals,
"Back to the Roots Seeds, at Walmart",WALMART,Packaged Meals & Sides,
Nature Valley™ Protein Granola,,Nuts & Seeds,
Nature Valley™ Protein Granola,,Cookies,
Nature Valley™ Protein Granola,,Dips & Salsa,
Nature Valley™ Protein Granola,,"Cereal, Granola, & Toaster Pastries",
Nature Valley™ Protein Granola,,Nut Butters & Jam,
Nature Valley™ Protein Granola,,Candy,Gum
Nature Valley™ Protein Granola,,Chips,
Nature Valley™ Protein Granola,,Trail Mix,
Nature Valley™ Protein Granola,,Crackers,
Nature Valley™ Protein Granola,,Fruit & Vegetable Snacks,
Brita® Pitcher OR Dispenser,,Water,
Brita® Pitcher OR Dispenser,,Household Supplies,Laundry Supplies
Brita® Pitcher OR Dispenser,,Household Supplies,Household Cleaning Supplies
Brita® Pitcher OR Dispenser,,Household Supplies,Food Storage
Brita® Pitcher OR Dispenser,,Household Supplies,Household Supplies
Brita® Pitcher OR Dispenser,,Household Supplies,Pest Control
Spend $30 at CVS,CVS,Cooking & Baking,
Spend $30 at CVS,CVS,Medicines & Treatments,
Spend $30 at CVS,CVS,Skin Care,
Spend $30 at CVS,CVS,Fruit Juices,
"Back to the Roots Organic Kits and Planters, at Target",TARGET,Packaged Meals & Sides,
"Sir Kensington's® Condiments, buy 2",,Condiments,
"Sir Kensington's® Condiments, buy 2",,Dressings,
"Sir Kensington's® Condiments, buy 2",,Sauces & Marinades,
"Perfect Keto Exogenous Ketones Powder, online at Amazon",AMAZON,Nuts & Seeds,
"Perfect Keto Exogenous Ketones Powder, online at Amazon",AMAZON,Medicines & Treatments,
Select Beverages AND Prepared Food Item at Casey's,CASEYS GENERAL STORE,Frozen Pizza & Pizza Snacks,
Select Beverages AND Prepared Food Item at Casey's,CASEYS GENERAL STORE,Cooking & Baking,
"Back to the Roots Potting Mix, 1 cubic foot, at Lowe's Home Improvement",LOWES HOME IMPROVEMENT,Packaged Meals & Sides,
"Barilla® pasta, select varieties, buy 2",,Pesto Sauce,
"Barilla® pasta, select varieties, buy 2",,Chips,
"Barilla® pasta, select varieties, buy 2",,Red Pasta Sauce,
"Barilla® pasta, select varieties, buy 2",,Dry Pasta,
Any Star Market receipt,STAR MARKET,Cooking & Baking,
"Squirrel, The Bedside Perch, online at Amazon",AMAZON,,
"Fresh Bakery items, select varieties, at Casey's",CASEYS GENERAL STORE,Frozen Pizza & Pizza Snacks,
"Fresh Bakery items, select varieties, at Casey's",CASEYS GENERAL STORE,Cooking & Baking,
Ben & Jerry's® Churray For Churros™ Ice Cream,,Frozen Desserts,
Sir Kensington's® Condiments,,Condiments,
Sir Kensington's® Condiments,,Dressings,
Sir Kensington's® Condiments,,Sauces & Marinades,
"Dove Hand Wash, select varieties at Target",TARGET,Bath & Body,
"Dove Hand Wash, select varieties at Target",TARGET,Hair Care,
"Dove Hand Wash, select varieties at Target",TARGET,Makeup,
"Dove Hand Wash, select varieties at Target",TARGET,Deodorant & Antiperspirant,
Spend $15 at Burger King,BURGER KING,Cooking & Baking,
Cameron’s Coffee EcoPods,,Coffee,
L'Oréal Paris True Match Foundation at Target,TARGET,Makeup,
"Sara Lee® Delightful bread, buy 2",,Frozen Desserts,
"Sara Lee® Delightful bread, buy 2",,"Cereal, Granola, & Toaster Pastries",
"Sara Lee® Delightful bread, buy 2",,Cheese,
"Sara Lee® Delightful bread, buy 2",,Bread,
"Sara Lee® Delightful bread, buy 2",,Bakery,
"Welch's® Juicefuls® Juicy Fruit Snacks, buy 2",,Fruit & Vegetable Snacks,
Spend $35 at Subway,SUBWAY,Cooking & Baking,
"Dixon® Safety Carpenter Pencil, 10 count, at Lowe’s®",LOWES HOME IMPROVEMENT,Cooking & Baking,
"Dixon® Safety Carpenter Pencil, 10 count, at Lowe’s®",LOWES HOME IMPROVEMENT,Makeup,
Spend $115 at Safeway,SAFEWAY,Candy,Gum
"Breyers Reese's Ice Cream, select varieties, at GIANT OR MARTIN’S",MARTINS FOODS,Frozen Breads & Doughs,
"Breyers Reese's Ice Cream, select varieties, at GIANT OR MARTIN’S",MARTINS FOODS,Frozen Desserts,
Shop 2 times at Randalls,RANDALLS FOOD MARKETS,,
Shop 2 times at Randalls,RANDALLS,,
"Jack Link's®, select varieties",,Jerky & Dried Meat,
"Persil® ProClean®, select varieties, at Walmart",WALMART,,
"Back to the Roots Organic 3-In-1 Seed Starting Mix 12 quart, at Walmart or Target",TARGET,Packaged Meals & Sides,
"STARBURST®, select varieties",,Fruit & Vegetable Snacks,
"STARBURST®, select varieties",,Gum,
"STARBURST®, select varieties",,Candy,Gum
"Super Coffee, 12 ounce single serve",,Coffee,
Spend $90 at Safeway,SAFEWAY,Candy,Gum
Spend $5 on brisket mac & cheese sandwich OR other single-serve prepared food item,CASEYS GENERAL STORE,Frozen Pizza & Pizza Snacks,
Spend $5 on brisket mac & cheese sandwich OR other single-serve prepared food item,CASEYS GENERAL STORE,Cooking & Baking,
Spend $50 at Chewy.com,CHEWY,,
Simply Organic Seasoning Mixes OR Spices,,Sauces & Marinades,
Simply Organic Seasoning Mixes OR Spices,,Cooking & Baking,
Spend $10 at KFC,KFC,,
Sargento Product,,Cheese,
Thomas'® Bagel Thins,,Bakery,
Thomas'® Bagel Thins,,Frozen Breakfast,
Thomas'® Bagel Thins,,Bread,
Spend $270 at Pavilions,PAVILIONS,Cooking & Baking,
"Back to the Roots Soils, select varieties, at Walmart",WALMART,Packaged Meals & Sides,
